username,password,friends,,,posts,,
alexmaverick,securepass01,taylorswift90,janedoe22,marcorocket,jessica lane: just launched my new startup! excited for this journey. #entrepreneur #hustle,ben stone - weekend hiking trip was a success! nature is amazing. #mountainscalling,ryan cooper: first day at the new job! wish me luck. #careergoals
benstone,trustme123,jessicarose01,ryancooper,alexmaverick,olivia clark: studying for finals... send coffee! #collegelife #finalsweek,michael brooks: road trip to the coast this weekend. can't wait! #travelvibes,@techwizard: just built my first AI chatbot. feels like magic! #codinglife
charliewolf,moonlight90,janedoe22,markadventure,ryancooper,@thegreatbaker: new recipe coming up! who's ready for some homemade croissants? #bakingtime #yum,alex maverick: new startup, new challenges. bring it on! #grind #success,@adventureseeker: just booked my next trip! thailand, here I come! #wanderlust
daniellehope,sunshine88,emilyrivera,ryancooper,katiesmith,ben stone: sunrise hike was totally worth waking up at 5 AM. #naturelover #earlybird,@thegadgetguy: reviewing the latest smartphone—better battery, but is it worth the upgrade? #techreview,grace wilson: volunteered at the animal shelter today. puppies everywhere! #adoptdontshop
emilyrivera,stormcloud99,daniellehope,oliviaclark,markadventure,@bookwormjane: just finished another novel. highly recommend this one! #bookstagram #readinglove,ryan cooper: finally hit the gym after months! feeling great. #fitnessjourney,@musicvibes: found an amazing indie band. check them out! #newmusic #goodvibes
gracewilson,happydays32,benstone,charliewolf,katiesmith,@moviebuff24: watched a classic film today. timeless storytelling! #cinemalover,jessica rose: weekend brunch with friends. best waffles ever! #brunchlife,danielle hope: prepped for my marathon! running 10K next week. #fitnessgoals
jessicarose01,glitterglow99,gracewilson,oliviaclark,benstone,@techgeek: experimented with some new coding techniques. exciting stuff! #developerlife,@theartcorner: painted my first watercolor landscape. thoughts? #artlover,olivia clark: study group session was productive. exams, here we come! #studentlife
katiesmith,midnightowl76,ryancooper,daniellehope,charliewolf,ben stone: weekend camping trip was amazing! no phone, just nature. #outdoorlife,@thebakerlife: baking challenge—best chocolate cake ever! #dessertlove #sweettooth,@moviereviewer: the new sci-fi flick was mind-blowing! must watch. #movienight
markadventure,travelbug22,alexmaverick,emilyrivera,gracewilson,@backpacklife: exploring the mountains this weekend. can't wait! #travelgram,danielle hope: ran my best 5K time ever. proud moment! #runnerlife,@sportsnews: big game coming up this weekend! Who’s excited? #basketball
oliviaclark,brightstar33,jessicarose01,daniellehope,markadventure,@studyzone: tips for effective studying? Exams coming up! #studyhard,@thecoffeebar: best cappuccino in town? Found it! #coffeeaddict,ben stone: first time skydiving! What a thrill! #adrenalinerush
ryancooper,oceanwaves12,benstone,charliewolf,katiesmith,@gamerlife: finished the toughest level ever! Game night was intense. #gaming,@fitnessfreak: leg day was a killer but worth it. #gymflow,@traveljunkie: road-tripping through the desert! Love this scenery. #wanderlust
taylorswift90,lovesongs13,alexmaverick,oliviaclark,gracewilson,@musicheaven: latest album dropped! What do you think? #newmusic,@fashionista: styling tips for summer? Love experimenting! #ootd,@cozyreads: nothing better than a book and tea on a rainy day. #readingtime
